{"cameraMode":{"drawMode":0,"name":"Shaded","section":"Shading Mode"},"sceneLighting":true,"audioPlay":false,"sceneViewState":{"m_AlwaysRefresh":false,"showFog":true,"showSkybox":true,"showFlares":true,"showImageEffects":false,"showParticleSystems":true,"showVisualEffectGraphs":true,"m_FxEnabled":true},"in2DMode":false,"pivot":{"x":414.34405517578127,"y":240.04263305664063,"z":163.783447265625},"rotation":{"x":0.021232759580016137,"y":0.08387769013643265,"z":-0.0017878825310617686,"w":0.9962486624717712},"size":355.7183837890625,"orthographic":false}