{"cameraMode":{"drawMode":0,"name":"Shaded","section":"Shading Mode"},"sceneLighting":true,"audioPlay":false,"sceneViewState":{"m_AlwaysRefresh":false,"showFog":true,"showSkybox":true,"showFlares":true,"showImageEffects":false,"showParticleSystems":true,"showVisualEffectGraphs":true,"m_FxEnabled":true},"in2DMode":false,"pivot":{"x":550.71826171875,"y":276.7171325683594,"z":212.43634033203126},"rotation":{"x":0.023642292246222497,"y":-0.06234588101506233,"z":-0.0014762262580916286,"w":-0.9977806210517883},"size":216.71253967285157,"orthographic":false}