{"cameraMode":{"drawMode":0,"name":"Shaded","section":"Shading Mode"},"sceneLighting":true,"audioPlay":false,"sceneViewState":{"m_AlwaysRefresh":false,"showFog":true,"showSkybox":true,"showFlares":true,"showImageEffects":false,"showParticleSystems":true,"showVisualEffectGraphs":true,"m_FxEnabled":true},"in2DMode":false,"pivot":{"x":592.4422607421875,"y":232.92335510253907,"z":674.6221313476563},"rotation":{"x":-0.05822192132472992,"y":-0.13673549890518189,"z":0.008052759803831578,"w":-0.9888699054718018},"size":688.5545654296875,"orthographic":false}