{"cameraMode":{"drawMode":0,"name":"Shaded","section":"Shading Mode"},"sceneLighting":true,"audioPlay":false,"sceneViewState":{"m_AlwaysRefresh":false,"showFog":true,"showSkybox":true,"showFlares":true,"showImageEffects":false,"showParticleSystems":true,"showVisualEffectGraphs":true,"m_FxEnabled":true},"in2DMode":false,"pivot":{"x":364.0269775390625,"y":539.2691040039063,"z":3205.052978515625},"rotation":{"x":0.014689270406961441,"y":0.009595552459359169,"z":0.00014460508828051388,"w":-0.999855637550354},"size":1912.3568115234375,"orthographic":false}