{"cameraMode":{"drawMode":0,"name":"Shaded","section":"Shading Mode"},"sceneLighting":true,"audioPlay":false,"sceneViewState":{"m_AlwaysRefresh":false,"showFog":true,"showSkybox":true,"showFlares":true,"showImageEffects":false,"showParticleSystems":true,"showVisualEffectGraphs":true,"m_FxEnabled":true},"in2DMode":false,"pivot":{"x":2174.372314453125,"y":1137.463623046875,"z":3254.026611328125},"rotation":{"x":0.04166486859321594,"y":0.026071324944496156,"z":0.0010934323072433472,"w":-0.9988147020339966},"size":3362.47314453125,"orthographic":false}