{"cameraMode":{"drawMode":0,"name":"Shaded","section":"Shading Mode"},"sceneLighting":true,"audioPlay":false,"sceneViewState":{"m_AlwaysRefresh":false,"showFog":true,"showSkybox":true,"showFlares":true,"showImageEffects":false,"showParticleSystems":true,"showVisualEffectGraphs":true,"m_FxEnabled":true},"in2DMode":false,"pivot":{"x":656.3497924804688,"y":361.47259521484377,"z":1236.8526611328125},"rotation":{"x":0.03708720579743385,"y":-0.07129312306642533,"z":-0.002652664203196764,"w":-0.9967653751373291},"size":888.847412109375,"orthographic":false}