{"cameraMode":{"drawMode":0,"name":"Shaded","section":"Shading Mode"},"sceneLighting":true,"audioPlay":false,"sceneViewState":{"m_AlwaysRefresh":false,"showFog":true,"showSkybox":true,"showFlares":true,"showImageEffects":false,"showParticleSystems":true,"showVisualEffectGraphs":true,"m_FxEnabled":true},"in2DMode":false,"pivot":{"x":550.7833251953125,"y":345.3157653808594,"z":303.6962585449219},"rotation":{"x":-0.028797101229429246,"y":0.02458447404205799,"z":-0.0007081783842295408,"w":-0.9992881417274475},"size":242.12680053710938,"orthographic":false}