{"cameraMode":{"drawMode":0,"name":"Shaded","section":"Shading Mode"},"sceneLighting":true,"audioPlay":false,"sceneViewState":{"m_AlwaysRefresh":false,"showFog":true,"showSkybox":true,"showFlares":true,"showImageEffects":false,"showParticleSystems":true,"showVisualEffectGraphs":true,"m_FxEnabled":true},"in2DMode":false,"pivot":{"x":422.31402587890627,"y":336.4064025878906,"z":1315.1766357421875},"rotation":{"x":0.005689885932952166,"y":0.012596216052770615,"z":0.00007533095049438998,"w":-0.999912679195404},"size":1302.4400634765625,"orthographic":false}