{"cameraMode":{"drawMode":0,"name":"Shaded","section":"Shading Mode"},"sceneLighting":true,"audioPlay":false,"sceneViewState":{"m_AlwaysRefresh":false,"showFog":true,"showSkybox":true,"showFlares":true,"showImageEffects":false,"showParticleSystems":true,"showVisualEffectGraphs":true,"m_FxEnabled":true},"in2DMode":false,"pivot":{"x":1775.289306640625,"y":1249.491455078125,"z":3245.992431640625},"rotation":{"x":0.02368711680173874,"y":0.011093366891145707,"z":0.0002686970983631909,"w":-0.9996816515922546},"size":3613.45751953125,"orthographic":false}