{"cameraMode":{"drawMode":0,"name":"Shaded","section":"Shading Mode"},"sceneLighting":true,"audioPlay":false,"sceneViewState":{"m_AlwaysRefresh":false,"showFog":true,"showSkybox":true,"showFlares":true,"showImageEffects":false,"showParticleSystems":true,"showVisualEffectGraphs":true,"m_FxEnabled":true},"in2DMode":false,"pivot":{"x":765.6390991210938,"y":-179.33309936523438,"z":3113.05078125},"rotation":{"x":-0.08271569013595581,"y":0.0020898617804050447,"z":-0.00016963786038104445,"w":-0.9965810775756836},"size":2490.838134765625,"orthographic":false}