{"cameraMode":{"drawMode":0,"name":"Shaded","section":"Shading Mode"},"sceneLighting":true,"audioPlay":false,"sceneViewState":{"m_AlwaysRefresh":false,"showFog":true,"showSkybox":true,"showFlares":true,"showImageEffects":false,"showParticleSystems":true,"showVisualEffectGraphs":true,"m_FxEnabled":true},"in2DMode":false,"pivot":{"x":1901.187255859375,"y":1019.0166625976563,"z":8603.3193359375},"rotation":{"x":0.008688574656844139,"y":0.018595004454255105,"z":0.00017449582810513675,"w":-0.9998062252998352},"size":5953.74755859375,"orthographic":false}