{"cameraMode":{"drawMode":0,"name":"Shaded","section":"Shading Mode"},"sceneLighting":true,"audioPlay":false,"sceneViewState":{"m_AlwaysRefresh":false,"showFog":true,"showSkybox":true,"showFlares":true,"showImageEffects":false,"showParticleSystems":true,"showVisualEffectGraphs":true,"m_FxEnabled":true},"in2DMode":false,"pivot":{"x":726.7474365234375,"y":193.23333740234376,"z":1294.4205322265625},"rotation":{"x":-0.019759858027100564,"y":-0.06983322650194168,"z":0.0013871734263375402,"w":-0.9973702430725098},"size":957.0699462890625,"orthographic":false}