{"cameraMode":{"drawMode":0,"name":"Shaded","section":"Shading Mode"},"sceneLighting":false,"audioPlay":false,"sceneViewState":{"m_AlwaysRefresh":false,"showFog":true,"showSkybox":false,"showFlares":true,"showImageEffects":false,"showParticleSystems":true,"showVisualEffectGraphs":true,"m_FxEnabled":true},"in2DMode":false,"pivot":{"x":14.243843078613282,"y":38.12659454345703,"z":-4.391468048095703},"rotation":{"x":0.19772224128246308,"y":-0.03910822421312332,"z":-0.007875765673816204,"w":-0.9794631600379944},"size":282.53826904296877,"orthographic":false}